company,raw_label,normalized_label,office_url,source,discovered_at
ASUS,"Ciudad de Mexico, MEX",ciudad de mexico mex,"https://www.glassdoor.com/Location/All-ASUS-Ciudad-de-Mexico-Office-Locations-EI_IE40093.4,8_IL.9,25_IC5017436.htm",office-location,2026-06-28T06:52:37.792058+00:00
ASUS,"Fremont, CA",fremont ca,"https://www.glassdoor.com/Location/All-ASUS-Fremont-Office-Locations-EI_IE40093.4,8_IL.9,16_IC1147355.htm",office-location,2026-06-28T06:52:37.792058+00:00
ASUS,"Markham, ON",markham on,"https://www.glassdoor.com/Location/All-ASUS-Markham-Office-Locations-EI_IE40093.4,8_IL.9,16_IC2280736.htm",office-location,2026-06-28T06:52:37.792058+00:00
ASUS,"Barcelona, CT",barcelona ct,"https://www.glassdoor.com/Location/All-ASUS-Barcelona-Office-Locations-EI_IE40093.4,8_IL.9,18_IC2547194.htm",office-location,2026-06-28T06:52:37.792058+00:00
ASUS,"Budapest, BU",budapest bu,"https://www.glassdoor.com/Location/All-ASUS-Budapest-Office-Locations-EI_IE40093.4,8_IL.9,17_IC3125126.htm",office-location,2026-06-28T06:52:37.792058+00:00
ASUS,"Emmen, DR",emmen dr,"https://www.glassdoor.com/Location/All-ASUS-Emmen-Office-Locations-EI_IE40093.4,8_IL.9,14_IC3060162.htm",office-location,2026-06-28T06:52:37.792058+00:00
ASUS,"Hemel Hempstead, ENG",hemel hempstead eng,"https://www.glassdoor.com/Location/All-ASUS-Hemel-Hempstead-Office-Locations-EI_IE40093.4,8_IL.9,24_IC2669775.htm",office-location,2026-06-28T06:52:37.792058+00:00
ASUS,"Milan, LOM",milan lom,"https://www.glassdoor.com/Location/All-ASUS-Milan-Office-Locations-EI_IE40093.4,8_IL.9,14_IC2802090.htm",office-location,2026-06-28T06:52:37.792058+00:00
ASUS,"Moravská Ostrava, MO",moravsk ostrava mo,"https://www.glassdoor.com/Location/All-ASUS-Moravská-Ostrava-Office-Locations-EI_IE40093.4,8_IL.9,25_IC2288209.htm",office-location,2026-06-28T06:52:37.792058+00:00
ASUS,"Noisy-le-Grand, A8",noisy le grand a8,"https://www.glassdoor.com/Location/All-ASUS-Noisy-le-Grand-Office-Locations-EI_IE40093.4,8_IL.9,23_IC3100822.htm",office-location,2026-06-28T06:52:37.792058+00:00
ASUS,"Ratingen, NW",ratingen nw,"https://www.glassdoor.com/Location/All-ASUS-Ratingen-Office-Locations-EI_IE40093.4,8_IL.9,17_IC2584004.htm",office-location,2026-06-28T06:52:37.792058+00:00
ASUS,"Üsküdar, T34",sk dar t34,"https://www.glassdoor.com/Location/All-ASUS-Üsküdar-Office-Locations-EI_IE40093.4,8_IL.9,16_IC3361446.htm",office-location,2026-06-28T06:52:37.792394+00:00
ASUS,"Warsaw, MZ",warsaw mz,"https://www.glassdoor.com/Location/All-ASUS-Warsaw-Office-Locations-EI_IE40093.4,8_IL.9,15_IC3094484.htm",office-location,2026-06-28T06:52:37.792394+00:00
ASUS,"Bangkok, 10",bangkok 10,"https://www.glassdoor.com/Location/All-ASUS-Bangkok-Office-Locations-EI_IE40093.4,8_IL.9,16_IC3179725.htm",office-location,2026-06-28T06:52:37.792394+00:00
ASUS,"Dubai, DU",dubai du,"https://www.glassdoor.com/Location/All-ASUS-Dubai-Office-Locations-EI_IE40093.4,8_IL.9,14_IC2204498.htm",office-location,2026-06-28T06:52:37.792394+00:00
ASUS,"Jakarta, JK",jakarta jk,"https://www.glassdoor.com/Location/All-ASUS-Jakarta-Office-Locations-EI_IE40093.4,8_IL.9,16_IC2709872.htm",office-location,2026-06-28T06:52:37.792394+00:00
ASUS,"Kuala Lumpur, 14",kuala lumpur 14,"https://www.glassdoor.com/Location/All-ASUS-Kuala-Lumpur-Office-Locations-EI_IE40093.4,8_IL.9,21_IC2986682.htm",office-location,2026-06-28T06:52:37.792394+00:00
ASUS,"Manila, D9",manila d9,"https://www.glassdoor.com/Location/All-ASUS-Manila-Office-Locations-EI_IE40093.4,8_IL.9,15_IC2363570.htm",office-location,2026-06-28T06:52:37.792394+00:00
ASUS,"Mumbai, MH",mumbai mh,"https://www.glassdoor.com/Location/All-ASUS-Mumbai-Office-Locations-EI_IE40093.4,8_IL.9,15_IC2851180.htm",office-location,2026-06-28T06:52:37.792394+00:00
ASUS,"Seoul, 11",seoul 11,"https://www.glassdoor.com/Location/All-ASUS-Seoul-Office-Locations-EI_IE40093.4,8_IL.9,14_IC3021489.htm",office-location,2026-06-28T06:52:37.792394+00:00
ASUS,Singapore,singapore,"https://www.glassdoor.com/Location/All-ASUS-Singapore-Office-Locations-EI_IE40093.4,8_IL.9,18_IC3235921.htm",office-location,2026-06-28T06:52:37.792394+00:00
ASUS,"Taipei, TPQ",taipei tpq,"https://www.glassdoor.com/Location/All-ASUS-Taipei-Office-Locations-EI_IE40093.4,8_IL.9,15_IC3271041.htm",office-location,2026-06-28T06:52:37.792394+00:00
ASUS,"Tokyo, 40",tokyo 40,"https://www.glassdoor.com/Location/All-ASUS-Tokyo-Office-Locations-EI_IE40093.4,8_IL.9,14_IC2851580.htm",office-location,2026-06-28T06:52:37.792394+00:00
ASUS,"San Isidro, HUC",san isidro huc,"https://www.glassdoor.com/Location/All-ASUS-San-Isidro-Office-Locations-EI_IE40093.4,8_IL.9,19_IC4694011.htm",office-location,2026-06-28T06:52:37.792394+00:00
ASUS,"Santiago, RM",santiago rm,"https://www.glassdoor.com/Location/All-ASUS-Santiago-Office-Locations-EI_IE40093.4,8_IL.9,17_IC2434030.htm",office-location,2026-06-28T06:52:37.792394+00:00
ASUS,"São Paulo, SP",s o paulo sp,"https://www.glassdoor.com/Location/All-ASUS-São-Paulo-Office-Locations-EI_IE40093.4,8_IL.9,18_IC2479061.htm",office-location,2026-06-28T06:52:37.792394+00:00
ASUS,"Sydney, NSW",sydney nsw,"https://www.glassdoor.com/Location/All-ASUS-Sydney-Office-Locations-EI_IE40093.4,8_IL.9,15_IC2235932.htm",office-location,2026-06-28T06:52:37.792394+00:00
NVIDIA,"Austin, TX",austin tx,"https://www.glassdoor.com/Location/All-NVIDIA-Austin-Office-Locations-EI_IE7633.4,10_IL.11,17_IC1139761.htm",office-location,2026-06-28T06:52:41.534266+00:00
NVIDIA,"Beaverton, OR",beaverton or,"https://www.glassdoor.com/Location/All-NVIDIA-Beaverton-Office-Locations-EI_IE7633.4,10_IL.11,20_IC1151576.htm",office-location,2026-06-28T06:52:41.534266+00:00
NVIDIA,"Bellevue, WA",bellevue wa,"https://www.glassdoor.com/Location/All-NVIDIA-Bellevue-Office-Locations-EI_IE7633.4,10_IL.11,19_IC1150442.htm",office-location,2026-06-28T06:52:41.534266+00:00
NVIDIA,"Durham, NC",durham nc,"https://www.glassdoor.com/Location/All-NVIDIA-Durham-Office-Locations-EI_IE7633.4,10_IL.11,17_IC1138697.htm",office-location,2026-06-28T06:52:41.534266+00:00
NVIDIA,"Hillsboro, OR",hillsboro or,"https://www.glassdoor.com/Location/All-NVIDIA-Hillsboro-Office-Locations-EI_IE7633.4,10_IL.11,20_IC1151603.htm",office-location,2026-06-28T06:52:41.534266+00:00
NVIDIA,"Redmond, WA",redmond wa,"https://www.glassdoor.com/Location/All-NVIDIA-Redmond-Office-Locations-EI_IE7633.4,10_IL.11,18_IC1150499.htm",office-location,2026-06-28T06:52:41.534266+00:00
NVIDIA,"Saint Louis, MO",saint louis mo,"https://www.glassdoor.com/Location/All-NVIDIA-Saint-Louis-Office-Locations-EI_IE7633.4,10_IL.11,22_IC1131270.htm",office-location,2026-06-28T06:52:41.534266+00:00
NVIDIA,"San Francisco, CA",san francisco ca,"https://www.glassdoor.com/Location/All-NVIDIA-San-Francisco-Office-Locations-EI_IE7633.4,10_IL.11,24_IC1147401.htm",office-location,2026-06-28T06:52:41.534266+00:00
NVIDIA,"San Jose, CA",san jose,"https://www.glassdoor.com/Location/All-NVIDIA-San-Jose-Office-Locations-EI_IE7633.4,10_IL.11,19_IC1147436.htm",office-location,2026-06-28T06:52:41.534266+00:00
NVIDIA,"Santa Clara, CA",santa clara ca,"https://www.glassdoor.com/Location/All-NVIDIA-Santa-Clara-Office-Locations-EI_IE7633.4,10_IL.11,22_IC1147439.htm",office-location,2026-06-28T06:52:41.534266+00:00
NVIDIA,"Toronto, ON",toronto on,"https://www.glassdoor.com/Location/All-NVIDIA-Toronto-Office-Locations-EI_IE7633.4,10_IL.11,18_IC2281069.htm",office-location,2026-06-28T06:52:41.534266+00:00
NVIDIA,"Westford, MA",westford ma,"https://www.glassdoor.com/Location/All-NVIDIA-Westford-Office-Locations-EI_IE7633.4,10_IL.11,19_IC1154720.htm",office-location,2026-06-28T06:52:41.534266+00:00
NVIDIA,"Moscow, 48",moscow 48,"https://www.glassdoor.com/Location/All-NVIDIA-Moscow-Office-Locations-EI_IE7633.4,10_IL.11,17_IC3348306.htm",office-location,2026-06-28T06:52:41.534266+00:00
NVIDIA,"Munich, BY",munich by,"https://www.glassdoor.com/Location/All-NVIDIA-Munich-Office-Locations-EI_IE7633.4,10_IL.11,17_IC4990924.htm",office-location,2026-06-28T06:52:41.534266+00:00
NVIDIA,"Reading, ENG",reading eng,"https://www.glassdoor.com/Location/All-NVIDIA-Reading-Office-Locations-EI_IE7633.4,10_IL.11,18_IC2675152.htm",office-location,2026-06-28T06:52:41.534266+00:00
NVIDIA,"Zürich, ZH",z rich zh,"https://www.glassdoor.com/Location/All-NVIDIA-Zürich-Office-Locations-EI_IE7633.4,10_IL.11,17_IC3297851.htm",office-location,2026-06-28T06:52:41.534266+00:00
NVIDIA,"Bengaluru, KA",bengaluru ka,"https://www.glassdoor.com/Location/All-NVIDIA-Bengaluru-Office-Locations-EI_IE7633.4,10_IL.11,20_IC2940587.htm",office-location,2026-06-28T06:52:41.534266+00:00
NVIDIA,"Hsinchu, TXG",hsinchu txg,"https://www.glassdoor.com/Location/All-NVIDIA-Hsinchu-Office-Locations-EI_IE7633.4,10_IL.11,18_IC4915323.htm",office-location,2026-06-28T06:52:41.534266+00:00
NVIDIA,"Mumbai, MH",mumbai mh,"https://www.glassdoor.com/Location/All-NVIDIA-Mumbai-Office-Locations-EI_IE7633.4,10_IL.11,17_IC2851180.htm",office-location,2026-06-28T06:52:41.534266+00:00
NVIDIA,"Pudong, 23",pudong 23,"https://www.glassdoor.com/Location/All-NVIDIA-Pudong-Office-Locations-EI_IE7633.4,10_IL.11,17_IC2415109.htm",office-location,2026-06-28T06:52:41.534266+00:00
NVIDIA,"Pune, MH",pune mh,"https://www.glassdoor.com/Location/All-NVIDIA-Pune-Office-Locations-EI_IE7633.4,10_IL.11,15_IC2856202.htm",office-location,2026-06-28T06:52:41.534266+00:00
NVIDIA,"Shanghai, 23",shanghai 23,"https://www.glassdoor.com/Location/All-NVIDIA-Shanghai-Office-Locations-EI_IE7633.4,10_IL.11,19_IC2416009.htm",office-location,2026-06-28T06:52:41.534266+00:00
NVIDIA,"Taipei, TPQ",taipei tpq,"https://www.glassdoor.com/Location/All-NVIDIA-Taipei-Office-Locations-EI_IE7633.4,10_IL.11,17_IC3271041.htm",office-location,2026-06-28T06:52:41.534266+00:00
TSMC,"San Jose, MP",san jose mp,"https://www.glassdoor.com/Location/All-TSMC-San-Jose-Office-Locations-EI_IE4130.4,8_IL.9,17_IC5022815.htm",office-location,2026-06-28T06:52:48.805212+00:00
TSMC,"Hsinchu, TXG",hsinchu txg,"https://www.glassdoor.com/Location/All-TSMC-Hsinchu-Office-Locations-EI_IE4130.4,8_IL.9,16_IC4915323.htm",office-location,2026-06-28T06:52:48.805212+00:00
Micro-Star International,"Frankfurt am Main, HE",frankfurt am main he,"https://www.glassdoor.com/Location/All-Micro-Star-International-Frankfurt-am-Main-Office-Locations-EI_IE41141.4,28_IL.29,46_IC2632180.htm",office-location,2026-06-28T06:52:55.324210+00:00
HP Inc.,"Boise, ID",boise id,"https://www.glassdoor.com/Location/All-HP-Inc-Boise-Office-Locations-EI_IE1093161.4,10_IL.11,16_IC1127927.htm",office-location,2026-06-28T06:52:59.483773+00:00
HP Inc.,"Corvallis, OR",corvallis or,"https://www.glassdoor.com/Location/All-HP-Inc-Corvallis-Office-Locations-EI_IE1093161.4,10_IL.11,20_IC1151455.htm",office-location,2026-06-28T06:52:59.483773+00:00
HP Inc.,"Fort Collins, CO",fort collins co,"https://www.glassdoor.com/Location/All-HP-Inc-Fort-Collins-Office-Locations-EI_IE1093161.4,10_IL.11,23_IC1148233.htm",office-location,2026-06-28T06:52:59.483773+00:00
HP Inc.,"Guadalajara, JAL",guadalajara jal,"https://www.glassdoor.com/Location/All-HP-Inc-Guadalajara-Office-Locations-EI_IE1093161.4,10_IL.11,22_IC3486357.htm",office-location,2026-06-28T06:52:59.483773+00:00
HP Inc.,"Houston, TX",houston tx,"https://www.glassdoor.com/Location/All-HP-Inc-Houston-Office-Locations-EI_IE1093161.4,10_IL.11,18_IC1140171.htm",office-location,2026-06-28T06:52:59.483773+00:00
HP Inc.,"Palo Alto, CA",palo alto ca,"https://www.glassdoor.com/Location/All-HP-Inc-Palo-Alto-Office-Locations-EI_IE1093161.4,10_IL.11,20_IC1147434.htm",office-location,2026-06-28T06:52:59.483773+00:00
HP Inc.,"Portland, OR",portland or,"https://www.glassdoor.com/Location/All-HP-Inc-Portland-Office-Locations-EI_IE1093161.4,10_IL.11,19_IC1151614.htm",office-location,2026-06-28T06:52:59.483773+00:00
HP Inc.,"San Diego, CA",san diego ca,"https://www.glassdoor.com/Location/All-HP-Inc-San-Diego-Office-Locations-EI_IE1093161.4,10_IL.11,20_IC1147311.htm",office-location,2026-06-28T06:52:59.483773+00:00
HP Inc.,"San Jose, CA",san jose,"https://www.glassdoor.com/Location/All-HP-Inc-San-Jose-Office-Locations-EI_IE1093161.4,10_IL.11,19_IC1147436.htm",office-location,2026-06-28T06:52:59.483773+00:00
HP Inc.,"Spring, TX",spring tx,"https://www.glassdoor.com/Location/All-HP-Inc-Spring-Office-Locations-EI_IE1093161.4,10_IL.11,17_IC1140222.htm",office-location,2026-06-28T06:52:59.483773+00:00
HP Inc.,"Sunnyvale, CA",sunnyvale ca,"https://www.glassdoor.com/Location/All-HP-Inc-Sunnyvale-Office-Locations-EI_IE1093161.4,10_IL.11,20_IC1147442.htm",office-location,2026-06-28T06:52:59.483773+00:00
HP Inc.,"Tlaquepaque, JAL",tlaquepaque jal,"https://www.glassdoor.com/Location/All-HP-Inc-Tlaquepaque-Office-Locations-EI_IE1093161.4,10_IL.11,22_IC3486348.htm",office-location,2026-06-28T06:52:59.483773+00:00
HP Inc.,"Vancouver, WA",vancouver wa,"https://www.glassdoor.com/Location/All-HP-Inc-Vancouver-Office-Locations-EI_IE1093161.4,10_IL.11,20_IC1150413.htm",office-location,2026-06-28T06:52:59.483773+00:00
HP Inc.,"Zapopan, JAL",zapopan jal,"https://www.glassdoor.com/Location/All-HP-Inc-Zapopan-Office-Locations-EI_IE1093161.4,10_IL.11,18_IC3487018.htm",office-location,2026-06-28T06:52:59.483773+00:00
HP Inc.,"Barcelona, CT",barcelona ct,"https://www.glassdoor.com/Location/All-HP-Inc-Barcelona-Office-Locations-EI_IE1093161.4,10_IL.11,20_IC2547194.htm",office-location,2026-06-28T06:52:59.483773+00:00
HP Inc.,"Boulogne-Billancourt, A8",boulogne billancourt a8,"https://www.glassdoor.com/Location/All-HP-Inc-Boulogne-Billancourt-Office-Locations-EI_IE1093161.4,10_IL.11,31_IC3040032.htm",office-location,2026-06-28T06:52:59.483773+00:00
HP Inc.,"Bucharest, B",bucharest b,"https://www.glassdoor.com/Location/All-HP-Inc-Bucharest-Office-Locations-EI_IE1093161.4,10_IL.11,20_IC3184907.htm",office-location,2026-06-28T06:52:59.483773+00:00
HP Inc.,"Cambridge, ENG",cambridge eng,"https://www.glassdoor.com/Location/All-HP-Inc-Cambridge-Office-Locations-EI_IE1093161.4,10_IL.11,20_IC2662516.htm",office-location,2026-06-28T06:52:59.483773+00:00
HP Inc.,"Meudon, A8",meudon a8,"https://www.glassdoor.com/Location/All-HP-Inc-Meudon-Office-Locations-EI_IE1093161.4,10_IL.11,17_IC3019026.htm",office-location,2026-06-28T06:52:59.483773+00:00
HP Inc.,"Paris, A8",paris a8,"https://www.glassdoor.com/Location/All-HP-Inc-Paris-Office-Locations-EI_IE1093161.4,10_IL.11,16_IC2881970.htm",office-location,2026-06-28T06:52:59.483773+00:00
HP Inc.,"Sant Cugat del Vallès, CT",sant cugat del vall s ct,"https://www.glassdoor.com/Location/All-HP-Inc-Sant-Cugat-del-Vallès-Office-Locations-EI_IE1093161.4,10_IL.11,32_IC4843928.htm",office-location,2026-06-28T06:52:59.483773+00:00
HP Inc.,"Bengaluru, KA",bengaluru ka,"https://www.glassdoor.com/Location/All-HP-Inc-Bengaluru-Office-Locations-EI_IE1093161.4,10_IL.11,20_IC2940587.htm",office-location,2026-06-28T06:52:59.483773+00:00
HP Inc.,Singapore,singapore,"https://www.glassdoor.com/Location/All-HP-Inc-Singapore-Office-Locations-EI_IE1093161.4,10_IL.11,20_IC3235921.htm",office-location,2026-06-28T06:52:59.483773+00:00
HP Inc.,"Taipei, TPQ",taipei tpq,"https://www.glassdoor.com/Location/All-HP-Inc-Taipei-Office-Locations-EI_IE1093161.4,10_IL.11,17_IC3271041.htm",office-location,2026-06-28T06:52:59.483773+00:00
HP Inc.,"Tuas, W",tuas w,"https://www.glassdoor.com/Location/All-HP-Inc-Tuas-Office-Locations-EI_IE1093161.4,10_IL.11,15_IC3235538.htm",office-location,2026-06-28T06:52:59.483773+00:00
HP Inc.,"Whitefield, KA",whitefield ka,"https://www.glassdoor.com/Location/All-HP-Inc-Whitefield-Office-Locations-EI_IE1093161.4,10_IL.11,21_IC2941717.htm",office-location,2026-06-28T06:52:59.483773+00:00
Quanta Computer,"Fremont, CA",fremont ca,"https://www.glassdoor.com/Location/All-Quanta-Computer-Fremont-Office-Locations-EI_IE11939.4,19_IL.20,27_IC1147355.htm",office-location,2026-06-28T06:53:02.632313+00:00
Wistron,"Lake Forest, CA",lake forest ca,"https://www.glassdoor.com/Location/All-Wistron-Lake-Forest-Office-Locations-EI_IE15218.4,11_IL.12,23_IC1146811.htm",office-location,2026-06-28T06:53:06.675719+00:00
Wistron,"Rolling Meadows, IL",rolling meadows il,"https://www.glassdoor.com/Location/All-Wistron-Rolling-Meadows-Office-Locations-EI_IE15218.4,11_IL.12,27_IC1128962.htm",office-location,2026-06-28T06:53:06.676743+00:00
Wistron,"Shanghai, 23",shanghai 23,"https://www.glassdoor.com/Location/All-Wistron-Shanghai-Office-Locations-EI_IE15218.4,11_IL.12,20_IC2416009.htm",office-location,2026-06-28T06:53:06.676743+00:00
Wistron,"Taipei, TPQ",taipei tpq,"https://www.glassdoor.com/Location/All-Wistron-Taipei-Office-Locations-EI_IE15218.4,11_IL.12,18_IC3271041.htm",office-location,2026-06-28T06:53:06.676743+00:00
Wistron,"Wuhan, 12",wuhan 12,"https://www.glassdoor.com/Location/All-Wistron-Wuhan-Office-Locations-EI_IE15218.4,11_IL.12,17_IC2478891.htm",office-location,2026-06-28T06:53:06.676743+00:00
Delta Electronics,"Fremont, CA",fremont ca,"https://www.glassdoor.com/Location/All-Delta-Electronics-Fremont-Office-Locations-EI_IE41146.4,21_IL.22,29_IC1147355.htm",office-location,2026-06-28T06:53:41.786017+00:00
Delta Electronics,"Hoofddorp, NH",hoofddorp nh,"https://www.glassdoor.com/Location/All-Delta-Electronics-Hoofddorp-Office-Locations-EI_IE41146.4,21_IL.22,31_IC3063772.htm",office-location,2026-06-28T06:53:41.786017+00:00
Delta Electronics,"Taipei, TPQ",taipei tpq,"https://www.glassdoor.com/Location/All-Delta-Electronics-Taipei-Office-Locations-EI_IE41146.4,21_IL.22,28_IC3271041.htm",office-location,2026-06-28T06:53:41.786017+00:00
Delta Electronics,"Notting Hill, VIC",notting hill vic,"https://www.glassdoor.com/Location/All-Delta-Electronics-Notting-Hill-Office-Locations-EI_IE41146.4,21_IL.22,34_IC2257042.htm",office-location,2026-06-28T06:53:41.786017+00:00
Inventec,"Santa Clara, CA",santa clara ca,"https://www.glassdoor.com/Location/All-Inventec-Santa-Clara-Office-Locations-EI_IE13485.4,12_IL.13,24_IC1147439.htm",office-location,2026-06-28T06:53:44.973000+00:00
Pegatron,"Jeffersonville, IN",jeffersonville in,"https://www.glassdoor.com/Location/All-Pegatron-Jeffersonville-Office-Locations-EI_IE337948.4,12_IL.13,27_IC1145141.htm",office-location,2026-06-28T06:53:48.103040+00:00
Trend Micro Inc.,"Austin, TX",austin tx,"https://www.glassdoor.com/Location/All-Trend-Micro-Inc-Austin-Office-Locations-EI_IE8983.4,19_IL.20,26_IC1139761.htm",office-location,2026-06-28T06:54:01.138141+00:00
Trend Micro Inc.,"Irving, TX",irving tx,"https://www.glassdoor.com/Location/All-Trend-Micro-Inc-Irving-Office-Locations-EI_IE8983.4,19_IL.20,26_IC1140006.htm",office-location,2026-06-28T06:54:01.138141+00:00
Trend Micro Inc.,"Jersey City, NJ",jersey city nj,"https://www.glassdoor.com/Location/All-Trend-Micro-Inc-Jersey-City-Office-Locations-EI_IE8983.4,19_IL.20,31_IC1126819.htm",office-location,2026-06-28T06:54:01.138141+00:00
Trend Micro Inc.,"Kanata, ON",kanata on,"https://www.glassdoor.com/Location/All-Trend-Micro-Inc-Kanata-Office-Locations-EI_IE8983.4,19_IL.20,26_IC2282818.htm",office-location,2026-06-28T06:54:01.138141+00:00
Trend Micro Inc.,"San Jose, CA",san jose,"https://www.glassdoor.com/Location/All-Trend-Micro-Inc-San-Jose-Office-Locations-EI_IE8983.4,19_IL.20,28_IC1147436.htm",office-location,2026-06-28T06:54:01.138141+00:00
Trend Micro Inc.,"Toronto, ON",toronto on,"https://www.glassdoor.com/Location/All-Trend-Micro-Inc-Toronto-Office-Locations-EI_IE8983.4,19_IL.20,27_IC2281069.htm",office-location,2026-06-28T06:54:01.138141+00:00
Trend Micro Inc.,"Cork, M",cork m,"https://www.glassdoor.com/Location/All-Trend-Micro-Inc-Cork-Office-Locations-EI_IE8983.4,19_IL.20,24_IC4325638.htm",office-location,2026-06-28T06:54:01.138141+00:00
Trend Micro Inc.,"London, ENG",london eng,"https://www.glassdoor.com/Location/All-Trend-Micro-Inc-London-Office-Locations-EI_IE8983.4,19_IL.20,26_IC2671300.htm",office-location,2026-06-28T06:54:01.138141+00:00
Trend Micro Inc.,"Munich, BY",munich by,"https://www.glassdoor.com/Location/All-Trend-Micro-Inc-Munich-Office-Locations-EI_IE8983.4,19_IL.20,26_IC4990924.htm",office-location,2026-06-28T06:54:01.138141+00:00
Trend Micro Inc.,"Paddington, ENG",paddington eng,"https://www.glassdoor.com/Location/All-Trend-Micro-Inc-Paddington-Office-Locations-EI_IE8983.4,19_IL.20,30_IC3527325.htm",office-location,2026-06-28T06:54:01.138141+00:00
Trend Micro Inc.,"Tokyo, 40",tokyo 40,"https://www.glassdoor.com/Location/All-Trend-Micro-Inc-Tokyo-Office-Locations-EI_IE8983.4,19_IL.20,25_IC2851580.htm",office-location,2026-06-28T06:54:01.138141+00:00
Dell Technologies,"Aliso, CA",aliso ca,"https://www.glassdoor.com/Location/All-Dell-Technologies-Aliso-Office-Locations-EI_IE1327.4,21_IL.22,27_IC3789361.htm",office-location,2026-06-28T06:54:04.144299+00:00
Dell Technologies,"Austin, TX",austin tx,"https://www.glassdoor.com/Location/All-Dell-Technologies-Austin-Office-Locations-EI_IE1327.4,21_IL.22,28_IC1139761.htm",office-location,2026-06-28T06:54:04.144299+00:00
Dell Technologies,"Bedford, MA",bedford ma,"https://www.glassdoor.com/Location/All-Dell-Technologies-Bedford-Office-Locations-EI_IE1327.4,21_IL.22,29_IC1154527.htm",office-location,2026-06-28T06:54:04.144299+00:00
Dell Technologies,"Boston, MA",boston ma,"https://www.glassdoor.com/Location/All-Dell-Technologies-Boston-Office-Locations-EI_IE1327.4,21_IL.22,28_IC1154532.htm",office-location,2026-06-28T06:54:04.144299+00:00
Dell Technologies,"Boydton, VA",boydton va,"https://www.glassdoor.com/Location/All-Dell-Technologies-Boydton-Office-Locations-EI_IE1327.4,21_IL.22,29_IC1129623.htm",office-location,2026-06-28T06:54:04.144299+00:00
Dell Technologies,"Cambridge, MA",cambridge ma,"https://www.glassdoor.com/Location/All-Dell-Technologies-Cambridge-Office-Locations-EI_IE1327.4,21_IL.22,31_IC1154545.htm",office-location,2026-06-28T06:54:04.144299+00:00
Dell Technologies,"Canada, KY",canada ky,"https://www.glassdoor.com/Location/All-Dell-Technologies-Canada-Office-Locations-EI_IE1327.4,21_IL.22,28_IC1137126.htm",office-location,2026-06-28T06:54:04.144299+00:00
Dell Technologies,"Canton, MA",canton ma,"https://www.glassdoor.com/Location/All-Dell-Technologies-Canton-Office-Locations-EI_IE1327.4,21_IL.22,28_IC1154546.htm",office-location,2026-06-28T06:54:04.144299+00:00
Dell Technologies,"Cedar Park, TX",cedar park tx,"https://www.glassdoor.com/Location/All-Dell-Technologies-Cedar-Park-Office-Locations-EI_IE1327.4,21_IL.22,32_IC1139765.htm",office-location,2026-06-28T06:54:04.144299+00:00
Dell Technologies,"Framingham, MA",framingham ma,"https://www.glassdoor.com/Location/All-Dell-Technologies-Framingham-Office-Locations-EI_IE1327.4,21_IL.22,32_IC1154571.htm",office-location,2026-06-28T06:54:04.144299+00:00
Dell Technologies,"Franklin, MA",franklin ma,"https://www.glassdoor.com/Location/All-Dell-Technologies-Franklin-Office-Locations-EI_IE1327.4,21_IL.22,30_IC1154572.htm",office-location,2026-06-28T06:54:04.144299+00:00
Dell Technologies,"Fuquay-Varina, NC",fuquay varina nc,"https://www.glassdoor.com/Location/All-Dell-Technologies-Fuquay-Varina-Office-Locations-EI_IE1327.4,21_IL.22,35_IC3757296.htm",office-location,2026-06-28T06:54:04.144299+00:00
Dell Technologies,"Georgetown, TX",georgetown tx,"https://www.glassdoor.com/Location/All-Dell-Technologies-Georgetown-Office-Locations-EI_IE1327.4,21_IL.22,32_IC1139774.htm",office-location,2026-06-28T06:54:04.144299+00:00
Dell Technologies,"Hopkinton, MA",hopkinton ma,"https://www.glassdoor.com/Location/All-Dell-Technologies-Hopkinton-Office-Locations-EI_IE1327.4,21_IL.22,31_IC1154589.htm",office-location,2026-06-28T06:54:04.144299+00:00
Dell Technologies,"India, TX",india tx,"https://www.glassdoor.com/Location/All-Dell-Technologies-India-Office-Locations-EI_IE1327.4,21_IL.22,27_IC3759223.htm",office-location,2026-06-28T06:54:04.144299+00:00
Dell Technologies,"Land O' Lakes, FL",land o lakes fl,"https://www.glassdoor.com/Location/All-Dell-Technologies-Land-O-Lakes-Office-Locations-EI_IE1327.4,21_IL.22,34_IC3817049.htm",office-location,2026-06-28T06:54:04.144299+00:00
Dell Technologies,"Leander, TX",leander tx,"https://www.glassdoor.com/Location/All-Dell-Technologies-Leander-Office-Locations-EI_IE1327.4,21_IL.22,29_IC1139779.htm",office-location,2026-06-28T06:54:04.144299+00:00
Dell Technologies,"Pflugerville, TX",pflugerville tx,"https://www.glassdoor.com/Location/All-Dell-Technologies-Pflugerville-Office-Locations-EI_IE1327.4,21_IL.22,34_IC1139790.htm",office-location,2026-06-28T06:54:04.144299+00:00
Dell Technologies,"Quincy, MA",quincy ma,"https://www.glassdoor.com/Location/All-Dell-Technologies-Quincy-Office-Locations-EI_IE1327.4,21_IL.22,28_IC1154667.htm",office-location,2026-06-28T06:54:04.144299+00:00
Dell Technologies,"Round Rock, TX",round rock tx,"https://www.glassdoor.com/Location/All-Dell-Technologies-Round-Rock-Office-Locations-EI_IE1327.4,21_IL.22,32_IC1139794.htm",office-location,2026-06-28T06:54:04.144299+00:00
Dell Technologies,"San Marcos, TX",san marcos tx,"https://www.glassdoor.com/Location/All-Dell-Technologies-San-Marcos-Office-Locations-EI_IE1327.4,21_IL.22,32_IC1139795.htm",office-location,2026-06-28T06:54:04.144299+00:00
Dell Technologies,"Satellite Beach, FL",satellite beach fl,"https://www.glassdoor.com/Location/All-Dell-Technologies-Satellite-Beach-Office-Locations-EI_IE1327.4,21_IL.22,37_IC1154294.htm",office-location,2026-06-28T06:54:04.144299+00:00
Dell Technologies,"Wellesley, MA",wellesley ma,"https://www.glassdoor.com/Location/All-Dell-Technologies-Wellesley-Office-Locations-EI_IE1327.4,21_IL.22,31_IC1154708.htm",office-location,2026-06-28T06:54:04.144299+00:00
Dell Technologies,"Bengaluru, KA",bengaluru ka,"https://www.glassdoor.com/Location/All-Dell-Technologies-Bengaluru-Office-Locations-EI_IE1327.4,21_IL.22,31_IC2940587.htm",office-location,2026-06-28T06:54:04.144299+00:00
Dell Technologies,"Domlur, KA",domlur ka,"https://www.glassdoor.com/Location/All-Dell-Technologies-Domlur-Office-Locations-EI_IE1327.4,21_IL.22,28_IC4470560.htm",office-location,2026-06-28T06:54:04.144299+00:00
Lenovo,"Chicago, IL",chicago il,"https://www.glassdoor.com/Location/All-Lenovo-Chicago-Office-Locations-EI_IE8034.4,10_IL.11,18_IC1128808.htm",office-location,2026-06-28T06:54:21.238028+00:00
Lenovo,"Morrisville, NC",morrisville nc,"https://www.glassdoor.com/Location/All-Lenovo-Morrisville-Office-Locations-EI_IE8034.4,10_IL.11,22_IC1138956.htm",office-location,2026-06-28T06:54:21.238028+00:00
Lenovo,"San Francisco, CA",san francisco ca,"https://www.glassdoor.com/Location/All-Lenovo-San-Francisco-Office-Locations-EI_IE8034.4,10_IL.11,24_IC1147401.htm",office-location,2026-06-28T06:54:21.238028+00:00
Lenovo,"San Jose, CA",san jose,"https://www.glassdoor.com/Location/All-Lenovo-San-Jose-Office-Locations-EI_IE8034.4,10_IL.11,19_IC1147436.htm",office-location,2026-06-28T06:54:21.238028+00:00
Lenovo,"Bratislava, 02",bratislava 02,"https://www.glassdoor.com/Location/All-Lenovo-Bratislava-Office-Locations-EI_IE8034.4,10_IL.11,21_IC2907054.htm",office-location,2026-06-28T06:54:21.238028+00:00
Lenovo,"Stuttgart, BW",stuttgart bw,"https://www.glassdoor.com/Location/All-Lenovo-Stuttgart-Office-Locations-EI_IE8034.4,10_IL.11,20_IC2507190.htm",office-location,2026-06-28T06:54:21.238028+00:00
Lenovo,"Beijing, 22",beijing 22,"https://www.glassdoor.com/Location/All-Lenovo-Beijing-Office-Locations-EI_IE8034.4,10_IL.11,18_IC2398510.htm",office-location,2026-06-28T06:54:21.238028+00:00
Lenovo,"Bengaluru, KA",bengaluru ka,"https://www.glassdoor.com/Location/All-Lenovo-Bengaluru-Office-Locations-EI_IE8034.4,10_IL.11,20_IC2940587.htm",office-location,2026-06-28T06:54:21.238028+00:00
Lenovo,"Changping, 22",changping 22,"https://www.glassdoor.com/Location/All-Lenovo-Changping-Office-Locations-EI_IE8034.4,10_IL.11,20_IC2405661.htm",office-location,2026-06-28T06:54:21.238028+00:00
Lenovo,"Haidian, 22",haidian 22,"https://www.glassdoor.com/Location/All-Lenovo-Haidian-Office-Locations-EI_IE8034.4,10_IL.11,18_IC2405685.htm",office-location,2026-06-28T06:54:21.238028+00:00
Lenovo,Hong Kong,hong kong,"https://www.glassdoor.com/Location/All-Lenovo-Hong-Kong-Office-Locations-EI_IE8034.4,10_IL.11,20_IC2308631.htm",office-location,2026-06-28T06:54:21.238028+00:00
Lenovo,"Shanghai, 23",shanghai 23,"https://www.glassdoor.com/Location/All-Lenovo-Shanghai-Office-Locations-EI_IE8034.4,10_IL.11,19_IC2416009.htm",office-location,2026-06-28T06:54:21.238028+00:00
Lenovo,"Shenzhenzhen, 02",shenzhenzhen 02,"https://www.glassdoor.com/Location/All-Lenovo-Shenzhenzhen-Office-Locations-EI_IE8034.4,10_IL.11,23_IC2441398.htm",office-location,2026-06-28T06:54:21.238028+00:00
Lenovo,"Xiamen, 07",xiamen 07,"https://www.glassdoor.com/Location/All-Lenovo-Xiamen-Office-Locations-EI_IE8034.4,10_IL.11,17_IC2564138.htm",office-location,2026-06-28T06:54:21.238028+00:00
Lenovo,"Buenos Aires, C",buenos aires c,"https://www.glassdoor.com/Location/All-Lenovo-Buenos-Aires-Office-Locations-EI_IE8034.4,10_IL.11,23_IC2242084.htm",office-location,2026-06-28T06:54:21.238028+00:00
Lenovo,"Campinas, SP",campinas sp,"https://www.glassdoor.com/Location/All-Lenovo-Campinas-Office-Locations-EI_IE8034.4,10_IL.11,19_IC2490130.htm",office-location,2026-06-28T06:54:21.238028+00:00
Lenovo,"Indaiatuba, SP",indaiatuba sp,"https://www.glassdoor.com/Location/All-Lenovo-Indaiatuba-Office-Locations-EI_IE8034.4,10_IL.11,21_IC2480058.htm",office-location,2026-06-28T06:54:21.238028+00:00
Lenovo,"Itu, SP",itu sp,"https://www.glassdoor.com/Location/All-Lenovo-Itu-Office-Locations-EI_IE8034.4,10_IL.11,14_IC2490672.htm",office-location,2026-06-28T06:54:21.238028+00:00
Lenovo,"Martínez, B",mart nez b,"https://www.glassdoor.com/Location/All-Lenovo-Martínez-Office-Locations-EI_IE8034.4,10_IL.11,19_IC2207815.htm",office-location,2026-06-28T06:54:21.238028+00:00
Lenovo,"São Paulo, SP",s o paulo sp,"https://www.glassdoor.com/Location/All-Lenovo-São-Paulo-Office-Locations-EI_IE8034.4,10_IL.11,20_IC2479061.htm",office-location,2026-06-28T06:54:21.238028+00:00
Lenovo,"Sorocaba, SP",sorocaba sp,"https://www.glassdoor.com/Location/All-Lenovo-Sorocaba-Office-Locations-EI_IE8034.4,10_IL.11,19_IC2475809.htm",office-location,2026-06-28T06:54:21.238028+00:00
Lenovo,"Vicente López, B",vicente l pez b,"https://www.glassdoor.com/Location/All-Lenovo-Vicente-López-Office-Locations-EI_IE8034.4,10_IL.11,24_IC2211608.htm",office-location,2026-06-28T06:54:21.238028+00:00
Lenovo,"Sydney, NSW",sydney nsw,"https://www.glassdoor.com/Location/All-Lenovo-Sydney-Office-Locations-EI_IE8034.4,10_IL.11,17_IC2235932.htm",office-location,2026-06-28T06:54:21.238028+00:00
